{"cameraMode":{"drawMode":0,"name":"Shaded","section":"Shading Mode"},"sceneLighting":true,"audioPlay":false,"sceneViewState":{"m_AlwaysRefresh":false,"showFog":false,"showSkybox":true,"showFlares":true,"showImageEffects":true,"showParticleSystems":true,"showVisualEffectGraphs":true,"m_FxEnabled":true},"in2DMode":false,"pivot":{"x":-27.538101196289064,"y":5.184027671813965,"z":-115.56891632080078},"rotation":{"x":-0.14313465356826783,"y":-0.1696826070547104,"z":0.018364541232585908,"w":-0.9754059314727783},"size":1.5608426332473755,"orthographic":false}