{"cameraMode":{"drawMode":0,"name":"Shaded","section":"Shading Mode"},"sceneLighting":true,"audioPlay":false,"sceneViewState":{"m_AlwaysRefresh":false,"showFog":false,"showSkybox":true,"showFlares":true,"showImageEffects":true,"showParticleSystems":true,"showVisualEffectGraphs":true,"m_FxEnabled":true},"in2DMode":false,"pivot":{"x":-57.10655975341797,"y":0.5249748826026917,"z":-85.58853149414063},"rotation":{"x":0.046021293848752978,"y":0.08228548616170883,"z":0.0031343139708042146,"w":0.9960458278656006},"size":12.12435531616211,"orthographic":false}