{"cameraMode":{"drawMode":0,"name":"Shaded","section":"Shading Mode"},"sceneLighting":true,"audioPlay":false,"sceneViewState":{"m_AlwaysRefresh":false,"showFog":false,"showSkybox":true,"showFlares":true,"showImageEffects":true,"showParticleSystems":true,"showVisualEffectGraphs":true,"m_FxEnabled":true},"in2DMode":false,"pivot":{"x":-60.09617233276367,"y":0.3599547743797302,"z":-94.24578857421875},"rotation":{"x":-0.04111121967434883,"y":0.03829272836446762,"z":0.00839906744658947,"w":0.9988872408866882},"size":0.8660253882408142,"orthographic":false}