{"cameraMode":{"drawMode":0,"name":"Shaded","section":"Shading Mode"},"sceneLighting":true,"audioPlay":false,"sceneViewState":{"m_AlwaysRefresh":false,"showFog":false,"showSkybox":true,"showFlares":true,"showImageEffects":true,"showParticleSystems":true,"showVisualEffectGraphs":true,"m_FxEnabled":true},"in2DMode":false,"pivot":{"x":-5.154092311859131,"y":1.0585603713989258,"z":-106.98078155517578},"rotation":{"x":0.10864876210689545,"y":0.07935164123773575,"z":-0.0016789182554930449,"w":0.9914131760597229},"size":0.8660253882408142,"orthographic":false}