{"cameraMode":{"drawMode":0,"name":"Shaded","section":"Shading Mode"},"sceneLighting":true,"audioPlay":false,"sceneViewState":{"m_AlwaysRefresh":false,"showFog":false,"showSkybox":true,"showFlares":true,"showImageEffects":true,"showParticleSystems":true,"showVisualEffectGraphs":true,"m_FxEnabled":true},"in2DMode":false,"pivot":{"x":-436.31756591796877,"y":2.677330493927002,"z":166.84368896484376},"rotation":{"x":0.045656830072402957,"y":0.00793757289648056,"z":0.006662386003881693,"w":0.9994730949401856},"size":0.8660253882408142,"orthographic":false}