{"cameraMode":{"drawMode":0,"name":"Shaded","section":"Shading Mode"},"sceneLighting":true,"audioPlay":false,"sceneViewState":{"m_AlwaysRefresh":false,"showFog":false,"showSkybox":true,"showFlares":true,"showImageEffects":true,"showParticleSystems":true,"showVisualEffectGraphs":true,"m_FxEnabled":true},"in2DMode":false,"pivot":{"x":132.96507263183595,"y":3.2937774658203127,"z":-26.354263305664064},"rotation":{"x":0.5135627388954163,"y":-0.0017436249181628228,"z":0.009509610943496228,"w":0.8585877418518066},"size":9.083351135253907,"orthographic":false}