{"cameraMode":{"drawMode":0,"name":"Shaded","section":"Shading Mode"},"sceneLighting":true,"audioPlay":false,"sceneViewState":{"m_AlwaysRefresh":false,"showFog":false,"showSkybox":true,"showFlares":true,"showImageEffects":true,"showParticleSystems":true,"showVisualEffectGraphs":true,"m_FxEnabled":true},"in2DMode":false,"pivot":{"x":-42.53831481933594,"y":0.9939438104629517,"z":-100.55061340332031},"rotation":{"x":-0.2898002564907074,"y":-0.09471996128559113,"z":0.021417459473013879,"w":-0.9527589082717896},"size":1.4891116619110108,"orthographic":false}