{"cameraMode":{"drawMode":0,"name":"Shaded","section":"Shading Mode"},"sceneLighting":true,"audioPlay":false,"sceneViewState":{"m_AlwaysRefresh":false,"showFog":false,"showSkybox":true,"showFlares":true,"showImageEffects":true,"showParticleSystems":true,"showVisualEffectGraphs":true,"m_FxEnabled":true},"in2DMode":false,"pivot":{"x":-55.290489196777347,"y":-11.220674514770508,"z":-93.65573120117188},"rotation":{"x":0.35560300946235659,"y":0.17028191685676576,"z":-0.06410904228687287,"w":0.9170148968696594},"size":11.05771541595459,"orthographic":false}