{"cameraMode":{"drawMode":0,"name":"Shaded","section":"Shading Mode"},"sceneLighting":true,"audioPlay":false,"sceneViewState":{"m_AlwaysRefresh":false,"showFog":false,"showSkybox":true,"showFlares":true,"showImageEffects":true,"showParticleSystems":true,"showVisualEffectGraphs":true,"m_FxEnabled":true},"in2DMode":false,"pivot":{"x":-52.004615783691409,"y":1.7957649230957032,"z":-11.329352378845215},"rotation":{"x":-0.002101302845403552,"y":0.04597943648695946,"z":0.006461526732891798,"w":0.9994118213653565},"size":47.690704345703128,"orthographic":false}