{"cameraMode":{"drawMode":0,"name":"Shaded","section":"Shading Mode"},"sceneLighting":true,"audioPlay":false,"sceneViewState":{"m_AlwaysRefresh":false,"showFog":false,"showSkybox":true,"showFlares":true,"showImageEffects":true,"showParticleSystems":true,"showVisualEffectGraphs":true,"m_FxEnabled":true},"in2DMode":false,"pivot":{"x":-61.238826751708987,"y":1.6615148782730103,"z":-105.54261779785156},"rotation":{"x":0.06385812163352967,"y":-0.13877198100090028,"z":-0.015427025966346264,"w":-0.9886744022369385},"size":0.8660253882408142,"orthographic":false}