{"cameraMode":{"drawMode":0,"name":"Shaded","section":"Shading Mode"},"sceneLighting":true,"audioPlay":false,"sceneViewState":{"m_AlwaysRefresh":false,"showFog":false,"showSkybox":true,"showFlares":true,"showImageEffects":true,"showParticleSystems":true,"showVisualEffectGraphs":true,"m_FxEnabled":true},"in2DMode":false,"pivot":{"x":-27.187461853027345,"y":4.497973918914795,"z":-117.07377624511719},"rotation":{"x":-0.32153335213661196,"y":-0.05500862002372742,"z":0.015569248236715794,"w":-0.9455791711807251},"size":1.3699711561203004,"orthographic":false}