{"cameraMode":{"drawMode":0,"name":"Shaded","section":"Shading Mode"},"sceneLighting":true,"audioPlay":false,"sceneViewState":{"m_AlwaysRefresh":false,"showFog":false,"showSkybox":true,"showFlares":true,"showImageEffects":true,"showParticleSystems":true,"showVisualEffectGraphs":true,"m_FxEnabled":true},"in2DMode":false,"pivot":{"x":-58.96379852294922,"y":0.9404406547546387,"z":-78.64051055908203},"rotation":{"x":0.04433176666498184,"y":0.038703467696905139,"z":0.004892047960311174,"w":0.9987402558326721},"size":12.12435531616211,"orthographic":false}