{"cameraMode":{"drawMode":0,"name":"Shaded","section":"Shading Mode"},"sceneLighting":false,"audioPlay":false,"sceneViewState":{"m_AlwaysRefresh":false,"showFog":true,"showSkybox":false,"showFlares":true,"showImageEffects":true,"showParticleSystems":true,"showVisualEffectGraphs":true,"m_FxEnabled":true},"in2DMode":false,"pivot":{"x":-0.9916564226150513,"y":-0.7173036932945252,"z":1.068600058555603},"rotation":{"x":-0.22628480195999146,"y":0.35928717255592348,"z":-0.09024941176176071,"w":-0.9008467197418213},"size":0.8660253882408142,"orthographic":false}