{"cameraMode":{"drawMode":0,"name":"Shaded","section":"Shading Mode"},"sceneLighting":false,"audioPlay":false,"sceneViewState":{"m_AlwaysRefresh":false,"showFog":true,"showSkybox":false,"showFlares":true,"showImageEffects":true,"showParticleSystems":true,"showVisualEffectGraphs":true,"m_FxEnabled":true},"in2DMode":false,"pivot":{"x":0.07731078565120697,"y":0.031422168016433719,"z":-0.0017805397510528565},"rotation":{"x":-0.27474480867385867,"y":0.07059219479560852,"z":-0.020230235531926156,"w":-0.9587056636810303},"size":0.2442360371351242,"orthographic":false}