{"cameraMode":{"drawMode":0,"name":"Shaded","section":"Shading Mode"},"sceneLighting":false,"audioPlay":false,"sceneViewState":{"m_AlwaysRefresh":false,"showFog":true,"showSkybox":false,"showFlares":true,"showImageEffects":true,"showParticleSystems":true,"showVisualEffectGraphs":true,"m_FxEnabled":true},"in2DMode":false,"pivot":{"x":-0.0036741457879543306,"y":0.003951013088226318,"z":0.04263767600059509},"rotation":{"x":-0.3963461220264435,"y":0.04679390415549278,"z":-0.02022559754550457,"w":-0.916674017906189},"size":0.1647646725177765,"orthographic":false}